{"v":"5.2.1","fr":24,"ip":0,"op":120,"w":1920,"h":1920,"nm":"Embarazadas","ddd":0,"assets":[],"layers":[{"ddd":0,"ind":1,"ty":3,"nm":"Nulo 3","sr":1,"ks":{"o":{"a":0,"k":0,"ix":11},"r":{"a":0,"k":0,"ix":10},"p":{"a":0,"k":[906,1088,0],"ix":2},"a":{"a":0,"k":[48,52,0],"ix":1},"s":{"a":0,"k":[440,440,100],"ix":6}},"ao":0,"ip":0,"op":120,"st":0,"bm":0},{"ddd":0,"ind":2,"ty":4,"nm":"Mascara ojos","parent":3,"td":1,"sr":1,"ks":{"o":{"a":0,"k":100,"ix":11},"r":{"a":0,"k":-5,"ix":10},"p":{"a":1,"k":[{"i":{"x":0.667,"y":1},"o":{"x":0.333,"y":0},"n":"0p667_1_0p333_0","t":0,"s":[344.45,362.499,0],"e":[344.45,380.681,0],"to":[0,0,0],"ti":[0,0,0]},{"i":{"x":0.667,"y":1},"o":{"x":0.333,"y":0},"n":"0p667_1_0p333_0","t":5,"s":[344.45,380.681,0],"e":[344.45,362.499,0],"to":[0,0,0],"ti":[0,0,0]},{"i":{"x":0.667,"y":0.667},"o":{"x":0.333,"y":0.333},"n":"0p667_0p667_0p333_0p333","t":10,"s":[344.45,362.499,0],"e":[344.45,362.499,0],"to":[0,0,0],"ti":[0,0,0]},{"i":{"x":0.667,"y":1},"o":{"x":0.333,"y":0},"n":"0p667_1_0p333_0","t":60,"s":[344.45,362.499,0],"e":[344.45,380.681,0],"to":[0,0,0],"ti":[0,0,0]},{"i":{"x":0.667,"y":1},"o":{"x":0.333,"y":0},"n":"0p667_1_0p333_0","t":65,"s":[344.45,380.681,0],"e":[344.45,362.499,0],"to":[0,0,0],"ti":[0,0,0]},{"t":70}],"ix":2},"a":{"a":0,"k":[0,0,0],"ix":1},"s":{"a":0,"k":[22.727,22.727,100],"ix":6}},"ao":0,"shapes":[{"ty":"gr","it":[{"ty":"rc","d":1,"s":{"a":0,"k":[264,60],"ix":2},"p":{"a":0,"k":[0,0],"ix":3},"r":{"a":0,"k":0,"ix":4},"nm":"Trazado de rectángulo 1","mn":"ADBE Vector Shape - Rect","hd":false},{"ty":"st","c":{"a":0,"k":[1,1,1,1],"ix":3},"o":{"a":0,"k":100,"ix":4},"w":{"a":0,"k":6,"ix":5},"lc":1,"lj":1,"ml":4,"ml2":{"a":0,"k":4,"ix":8},"nm":"Trazo 1","mn":"ADBE Vector Graphic - Stroke","hd":true},{"ty":"fl","c":{"a":0,"k":[0.921568627451,0.278277587891,0.323686038747,1],"ix":4},"o":{"a":0,"k":100,"ix":5},"r":1,"nm":"Relleno 1","mn":"ADBE Vector Graphic - Fill","hd":false},{"ty":"tr","p":{"a":0,"k":[-56,-366],"ix":2},"a":{"a":0,"k":[0,0],"ix":1},"s":{"a":0,"k":[100,231.943],"ix":3},"r":{"a":0,"k":0,"ix":6},"o":{"a":0,"k":100,"ix":7},"sk":{"a":0,"k":0,"ix":4},"sa":{"a":0,"k":0,"ix":5},"nm":"Transformar"}],"nm":"Rectángulo 1","np":3,"cix":2,"ix":1,"mn":"ADBE Vector Group","hd":false}],"ip":0,"op":120,"st":0,"bm":0},{"ddd":0,"ind":3,"ty":4,"nm":"Ojos/Embarazadas contornos","parent":5,"tt":2,"sr":1,"ks":{"o":{"a":0,"k":100,"ix":11},"r":{"a":0,"k":0,"ix":10},"p":{"a":1,"k":[{"i":{"x":0.313,"y":1},"o":{"x":0.475,"y":0},"n":"0p313_1_0p475_0","t":0,"s":[329.091,306.364,0],"e":[331.039,306.943,0],"to":[0.32473692297935,0.09659263491631,0],"ti":[-0.32473692297935,-0.09659263491631,0]},{"i":{"x":0.313,"y":0.313},"o":{"x":0.612,"y":0.612},"n":"0p313_0p313_0p612_0p612","t":60,"s":[331.039,306.943,0],"e":[331.039,306.943,0],"to":[0,0,0],"ti":[0,0,0]},{"i":{"x":0.562,"y":1},"o":{"x":0.612,"y":0},"n":"0p562_1_0p612_0","t":72,"s":[331.039,306.943,0],"e":[329.091,306.364,0],"to":[-0.32473692297935,-0.09659263491631,0],"ti":[0.32473692297935,0.09659263491631,0]},{"t":120}],"ix":2},"a":{"a":0,"k":[329.091,306.364,0],"ix":1},"s":{"a":0,"k":[100,100,100],"ix":6}},"ao":0,"shapes":[{"ty":"gr","it":[{"ind":0,"ty":"sh","ix":1,"ks":{"a":0,"k":{"i":[[0,0],[1.489,0],[0,1.492],[0,0],[-1.491,0],[0,-1.494]],"o":[[0,1.492],[-1.491,0],[0,0],[0,-1.494],[1.489,0],[0,0]],"v":[[2.5,3.747],[0,6.447],[-2.5,3.747],[-2.5,-3.746],[0,-6.447],[2.5,-3.746]],"c":true},"ix":2},"nm":"Trazado 1","mn":"ADBE Vector Shape - Group","hd":false},{"ty":"fl","c":{"a":0,"k":[0.113999998803,0.113999998803,0.105999995213,1],"ix":4},"o":{"a":0,"k":100,"ix":5},"r":1,"nm":"Relleno 1","mn":"ADBE Vector Graphic - Fill","hd":false},{"ty":"tr","p":{"a":0,"k":[336.177,305.512],"ix":2},"a":{"a":0,"k":[0,0],"ix":1},"s":{"a":0,"k":[100,100],"ix":3},"r":{"a":0,"k":0,"ix":6},"o":{"a":0,"k":100,"ix":7},"sk":{"a":0,"k":0,"ix":4},"sa":{"a":0,"k":0,"ix":5},"nm":"Transformar"}],"nm":"Grupo 1","np":2,"cix":2,"ix":1,"mn":"ADBE Vector Group","hd":false},{"ty":"gr","it":[{"ind":0,"ty":"sh","ix":1,"ks":{"a":0,"k":{"i":[[0,0],[1.489,0],[0,1.492],[0,0],[-1.491,0],[0,-1.494]],"o":[[0,1.492],[-1.491,0],[0,0],[0,-1.494],[1.489,0],[0,0]],"v":[[2.5,3.747],[0,6.447],[-2.5,3.747],[-2.5,-3.746],[0,-6.447],[2.5,-3.746]],"c":true},"ix":2},"nm":"Trazado 1","mn":"ADBE Vector Shape - Group","hd":false},{"ty":"fl","c":{"a":0,"k":[0.113999998803,0.113999998803,0.105999995213,1],"ix":4},"o":{"a":0,"k":100,"ix":5},"r":1,"nm":"Relleno 1","mn":"ADBE Vector Graphic - Fill","hd":false},{"ty":"tr","p":{"a":0,"k":[318.177,305.512],"ix":2},"a":{"a":0,"k":[0,0],"ix":1},"s":{"a":0,"k":[100,100],"ix":3},"r":{"a":0,"k":0,"ix":6},"o":{"a":0,"k":100,"ix":7},"sk":{"a":0,"k":0,"ix":4},"sa":{"a":0,"k":0,"ix":5},"nm":"Transformar"}],"nm":"Grupo 2","np":2,"cix":2,"ix":2,"mn":"ADBE Vector Group","hd":false}],"ip":0,"op":120,"st":0,"bm":0},{"ddd":0,"ind":4,"ty":4,"nm":"cejas/Embarazadas contornos","parent":5,"sr":1,"ks":{"o":{"a":0,"k":100,"ix":11},"r":{"a":0,"k":0,"ix":10},"p":{"a":1,"k":[{"i":{"x":0.313,"y":1},"o":{"x":0.447,"y":0},"n":"0p313_1_0p447_0","t":0,"s":[330,288.182,0],"e":[334.476,284.665,0],"to":[0.74606645107269,-0.58609712123871,0],"ti":[-0.74606645107269,0.58609712123871,0]},{"i":{"x":0.313,"y":0.313},"o":{"x":0.556,"y":0.556},"n":"0p313_0p313_0p556_0p556","t":60,"s":[334.476,284.665,0],"e":[334.476,284.665,0],"to":[0,0,0],"ti":[0,0,0]},{"i":{"x":0.548,"y":1},"o":{"x":0.556,"y":0},"n":"0p548_1_0p556_0","t":72,"s":[334.476,284.665,0],"e":[330,288.182,0],"to":[-0.74606645107269,0.58609712123871,0],"ti":[0.74606645107269,-0.58609712123871,0]},{"t":120}],"ix":2},"a":{"a":0,"k":[330,285.455,0],"ix":1},"s":{"a":0,"k":[100,100,100],"ix":6}},"ao":0,"shapes":[{"ty":"gr","it":[{"ind":0,"ty":"sh","ix":1,"ks":{"a":0,"k":{"i":[[0,0],[2.541,-2.543]],"o":[[-2.471,-2.472],[0,0]],"v":[[5.417,1.271],[-5.417,1.271]],"c":false},"ix":2},"nm":"Trazado 1","mn":"ADBE Vector Shape - Group","hd":false},{"ty":"st","c":{"a":0,"k":[0.404000016755,0.180000005984,0,1],"ix":3},"o":{"a":0,"k":100,"ix":4},"w":{"a":0,"k":2,"ix":5},"lc":2,"lj":2,"nm":"Trazo 1","mn":"ADBE Vector Graphic - Stroke","hd":false},{"ty":"tr","p":{"a":0,"k":[336.221,286.396],"ix":2},"a":{"a":0,"k":[0,0],"ix":1},"s":{"a":0,"k":[100,100],"ix":3},"r":{"a":0,"k":0,"ix":6},"o":{"a":0,"k":100,"ix":7},"sk":{"a":0,"k":0,"ix":4},"sa":{"a":0,"k":0,"ix":5},"nm":"Transformar"}],"nm":"Grupo 1","np":2,"cix":2,"ix":1,"mn":"ADBE Vector Group","hd":false},{"ty":"gr","it":[{"ind":0,"ty":"sh","ix":1,"ks":{"a":0,"k":{"i":[[0,0],[2.541,-2.543]],"o":[[-2.471,-2.472],[0,0]],"v":[[5.417,1.271],[-5.417,1.271]],"c":false},"ix":2},"nm":"Trazado 1","mn":"ADBE Vector Shape - Group","hd":false},{"ty":"st","c":{"a":0,"k":[0.404000016755,0.180000005984,0,1],"ix":3},"o":{"a":0,"k":100,"ix":4},"w":{"a":0,"k":2,"ix":5},"lc":2,"lj":2,"nm":"Trazo 1","mn":"ADBE Vector Graphic - Stroke","hd":false},{"ty":"tr","p":{"a":0,"k":[318.221,286.396],"ix":2},"a":{"a":0,"k":[0,0],"ix":1},"s":{"a":0,"k":[100,100],"ix":3},"r":{"a":0,"k":0,"ix":6},"o":{"a":0,"k":100,"ix":7},"sk":{"a":0,"k":0,"ix":4},"sa":{"a":0,"k":0,"ix":5},"nm":"Transformar"}],"nm":"Grupo 2","np":2,"cix":2,"ix":2,"mn":"ADBE Vector Group","hd":false}],"ip":0,"op":120,"st":0,"bm":0},{"ddd":0,"ind":5,"ty":4,"nm":"Cabeza/Embarazadas contornos","parent":6,"sr":1,"ks":{"o":{"a":0,"k":100,"ix":11},"r":{"a":1,"k":[{"i":{"x":[0.383],"y":[1]},"o":{"x":[0.433],"y":[0]},"n":["0p383_1_0p433_0"],"t":0,"s":[5],"e":[10]},{"i":{"x":[0.383],"y":[1]},"o":{"x":[0.473],"y":[0]},"n":["0p383_1_0p473_0"],"t":60,"s":[10],"e":[10]},{"i":{"x":[0.562],"y":[1]},"o":{"x":[0.473],"y":[0]},"n":["0p562_1_0p473_0"],"t":72,"s":[10],"e":[5]},{"t":120}],"ix":10},"p":{"a":0,"k":[290,326.364,0],"ix":2},"a":{"a":0,"k":[290,326.364,0],"ix":1},"s":{"a":0,"k":[100,100,100],"ix":6}},"ao":0,"shapes":[{"ty":"gr","it":[{"ind":0,"ty":"sh","ix":1,"ks":{"a":0,"k":{"i":[[0,0],[0,0]],"o":[[0,0],[0,0]],"v":[[10.25,7.5],[-10.25,-7.5]],"c":false},"ix":2},"nm":"Trazado 1","mn":"ADBE Vector Shape - Group","hd":false},{"ty":"st","c":{"a":0,"k":[1,1,1,1],"ix":3},"o":{"a":0,"k":100,"ix":4},"w":{"a":0,"k":2,"ix":5},"lc":2,"lj":2,"nm":"Trazo 1","mn":"ADBE Vector Graphic - Stroke","hd":false},{"ty":"tr","p":{"a":0,"k":[292.552,314.5],"ix":2},"a":{"a":0,"k":[0,0],"ix":1},"s":{"a":0,"k":[100,100],"ix":3},"r":{"a":0,"k":0,"ix":6},"o":{"a":0,"k":100,"ix":7},"sk":{"a":0,"k":0,"ix":4},"sa":{"a":0,"k":0,"ix":5},"nm":"Transformar"}],"nm":"Grupo 1","np":2,"cix":2,"ix":1,"mn":"ADBE Vector Group","hd":false},{"ty":"gr","it":[{"ind":0,"ty":"sh","ix":1,"ks":{"a":0,"k":{"i":[[19.89,2.125],[0,0],[-13.565,0],[-4.03,19.679],[0,0]],"o":[[0,0],[5.579,6.104],[13.984,0],[0,0],[0,0]],"v":[[-19.889,-13.49],[-27.554,10.885],[0.531,23.01],[27.554,-12.93],[7.784,-23.01]],"c":true},"ix":2},"nm":"Trazado 1","mn":"ADBE Vector Shape - Group","hd":false},{"ty":"st","c":{"a":0,"k":[1,1,1,1],"ix":3},"o":{"a":0,"k":100,"ix":4},"w":{"a":0,"k":2,"ix":5},"lc":2,"lj":2,"nm":"Trazo 1","mn":"ADBE Vector Graphic - Stroke","hd":false},{"ty":"fl","c":{"a":0,"k":[1,1,1,1],"ix":4},"o":{"a":0,"k":100,"ix":5},"r":1,"nm":"Relleno 1","mn":"ADBE Vector Graphic - Fill","hd":false},{"ty":"tr","p":{"a":0,"k":[322.521,335.49],"ix":2},"a":{"a":0,"k":[0,0],"ix":1},"s":{"a":0,"k":[100,100],"ix":3},"r":{"a":0,"k":0,"ix":6},"o":{"a":0,"k":100,"ix":7},"sk":{"a":0,"k":0,"ix":4},"sa":{"a":0,"k":0,"ix":5},"nm":"Transformar"}],"nm":"Grupo 2","np":3,"cix":2,"ix":2,"mn":"ADBE Vector Group","hd":false},{"ty":"gr","it":[{"ind":0,"ty":"sh","ix":1,"ks":{"a":0,"k":{"i":[[-15.5,-6.5],[1.25,39.992],[31.5,0],[0,0]],"o":[[0,0],[19,18.25],[-27.5,0],[-16.5,-0.5]],"v":[[-31.5,-1.125],[28,-50.375],[9.25,50.375],[-26.75,25.625]],"c":true},"ix":2},"nm":"Trazado 1","mn":"ADBE Vector Shape - Group","hd":false},{"ty":"fl","c":{"a":0,"k":[0.984000052658,0.732999973671,0.564999988032,1],"ix":4},"o":{"a":0,"k":100,"ix":5},"r":1,"nm":"Relleno 1","mn":"ADBE Vector Graphic - Fill","hd":false},{"ty":"tr","p":{"a":0,"k":[313.802,308.125],"ix":2},"a":{"a":0,"k":[0,0],"ix":1},"s":{"a":0,"k":[100,100],"ix":3},"r":{"a":0,"k":0,"ix":6},"o":{"a":0,"k":100,"ix":7},"sk":{"a":0,"k":0,"ix":4},"sa":{"a":0,"k":0,"ix":5},"nm":"Transformar"}],"nm":"Grupo 3","np":2,"cix":2,"ix":3,"mn":"ADBE Vector Group","hd":false},{"ty":"gr","it":[{"ind":0,"ty":"sh","ix":1,"ks":{"a":0,"k":{"i":[[0,0],[2.5,6.625]],"o":[[0,0],[0,0]],"v":[[3.958,6.313],[-3.957,-6.313]],"c":false},"ix":2},"nm":"Trazado 1","mn":"ADBE Vector Shape - Group","hd":false},{"ty":"st","c":{"a":0,"k":[1,1,1,1],"ix":3},"o":{"a":0,"k":100,"ix":4},"w":{"a":0,"k":2,"ix":5},"lc":2,"lj":2,"nm":"Trazo 1","mn":"ADBE Vector Graphic - Stroke","hd":false},{"ty":"tr","p":{"a":0,"k":[291.009,340.063],"ix":2},"a":{"a":0,"k":[0,0],"ix":1},"s":{"a":0,"k":[100,100],"ix":3},"r":{"a":0,"k":0,"ix":6},"o":{"a":0,"k":100,"ix":7},"sk":{"a":0,"k":0,"ix":4},"sa":{"a":0,"k":0,"ix":5},"nm":"Transformar"}],"nm":"Grupo 4","np":2,"cix":2,"ix":4,"mn":"ADBE Vector Group","hd":false}],"ip":0,"op":120,"st":0,"bm":0},{"ddd":0,"ind":6,"ty":4,"nm":"Cuello/Embarazadas contornos","parent":9,"sr":1,"ks":{"o":{"a":0,"k":100,"ix":11},"r":{"a":0,"k":0,"ix":10},"p":{"a":0,"k":[294.545,369.091,0],"ix":2},"a":{"a":0,"k":[294.545,369.091,0],"ix":1},"s":{"a":0,"k":[100,100,100],"ix":6}},"ao":0,"shapes":[{"ty":"gr","it":[{"ind":0,"ty":"sh","ix":1,"ks":{"a":0,"k":{"i":[[0,0],[0,0],[0,0],[13,30.559]],"o":[[0,0],[0,0],[0,0],[0,0]],"v":[[-17.406,-30.795],[13.219,-30.795],[17.406,30.795],[-17.406,-0.014]],"c":true},"ix":2},"nm":"Trazado 1","mn":"ADBE Vector Shape - Group","hd":false},{"ty":"fl","c":{"a":0,"k":[0.984000052658,0.732999973671,0.564999988032,1],"ix":4},"o":{"a":0,"k":100,"ix":5},"r":1,"nm":"Relleno 1","mn":"ADBE Vector Graphic - Fill","hd":false},{"ty":"tr","p":{"a":0,"k":[308.083,367.795],"ix":2},"a":{"a":0,"k":[0,0],"ix":1},"s":{"a":0,"k":[100,100],"ix":3},"r":{"a":0,"k":0,"ix":6},"o":{"a":0,"k":100,"ix":7},"sk":{"a":0,"k":0,"ix":4},"sa":{"a":0,"k":0,"ix":5},"nm":"Transformar"}],"nm":"Grupo 1","np":2,"cix":2,"ix":1,"mn":"ADBE Vector Group","hd":false}],"ip":0,"op":120,"st":0,"bm":0},{"ddd":0,"ind":7,"ty":4,"nm":"Brazo frente/Embarazadas contornos","parent":9,"sr":1,"ks":{"o":{"a":0,"k":100,"ix":11},"r":{"a":1,"k":[{"i":{"x":[0.495],"y":[1]},"o":{"x":[0.377],"y":[0]},"n":["0p495_1_0p377_0"],"t":0,"s":[0],"e":[5]},{"i":{"x":[0.495],"y":[1]},"o":{"x":[0.542],"y":[0]},"n":["0p495_1_0p542_0"],"t":60,"s":[5],"e":[5]},{"i":{"x":[0.59],"y":[1]},"o":{"x":[0.542],"y":[0]},"n":["0p59_1_0p542_0"],"t":72,"s":[5],"e":[0]},{"t":120}],"ix":10},"p":{"a":0,"k":[253.636,398.182,0],"ix":2},"a":{"a":0,"k":[253.636,398.182,0],"ix":1},"s":{"a":0,"k":[100,100,100],"ix":6}},"ao":0,"shapes":[{"ty":"gr","it":[{"ind":0,"ty":"sh","ix":1,"ks":{"a":0,"k":{"i":[[3.118,-23.33],[10.834,-2],[0,0],[0,0],[18.272,0]],"o":[[0,0],[3.334,36.166],[0,0],[9.244,-17.504],[-9.492,0]],"v":[[-13.084,-6.956],[-29.584,2.667],[23.084,29.667],[20.084,10.833],[11.312,-38.833]],"c":true},"ix":2},"nm":"Trazado 1","mn":"ADBE Vector Shape - Group","hd":false},{"ty":"fl","c":{"a":0,"k":[0.490000017952,0.801000019148,0.780999995213,1],"ix":4},"o":{"a":0,"k":100,"ix":5},"r":1,"nm":"Relleno 1","mn":"ADBE Vector Graphic - Fill","hd":false},{"ty":"tr","p":{"a":0,"k":[247.552,423.833],"ix":2},"a":{"a":0,"k":[0,0],"ix":1},"s":{"a":0,"k":[100,100],"ix":3},"r":{"a":0,"k":0,"ix":6},"o":{"a":0,"k":100,"ix":7},"sk":{"a":0,"k":0,"ix":4},"sa":{"a":0,"k":0,"ix":5},"nm":"Transformar"}],"nm":"Grupo 1","np":2,"cix":2,"ix":1,"mn":"ADBE Vector Group","hd":false},{"ty":"gr","it":[{"ind":0,"ty":"sh","ix":1,"ks":{"a":0,"k":{"i":[[0,0],[-21,0],[0,0],[-5.833,15.333],[0,0],[13.32,0.733],[0,-19.31],[0,0],[0,0]],"o":[[0,0],[21,0],[0,0],[11.334,-4.5],[0,-6.022],[-13.641,-0.75],[-22.664,4],[0,0],[0,0]],"v":[[-58.167,-44.792],[-44.167,44.792],[20.257,4.333],[38.833,-10.896],[65.167,-15.572],[38.167,-25.276],[11.237,-4.128],[-24.832,8.427],[-24.167,-34.292]],"c":true},"ix":2},"nm":"Trazado 1","mn":"ADBE Vector Shape - Group","hd":false},{"ty":"fl","c":{"a":0,"k":[0.984000052658,0.732999973671,0.564999988032,1],"ix":4},"o":{"a":0,"k":100,"ix":5},"r":1,"nm":"Relleno 1","mn":"ADBE Vector Graphic - Fill","hd":false},{"ty":"tr","p":{"a":0,"k":[289.635,487.792],"ix":2},"a":{"a":0,"k":[0,0],"ix":1},"s":{"a":0,"k":[100,100],"ix":3},"r":{"a":0,"k":0,"ix":6},"o":{"a":0,"k":100,"ix":7},"sk":{"a":0,"k":0,"ix":4},"sa":{"a":0,"k":0,"ix":5},"nm":"Transformar"}],"nm":"Grupo 2","np":2,"cix":2,"ix":2,"mn":"ADBE Vector Group","hd":false}],"ip":0,"op":120,"st":0,"bm":0},{"ddd":0,"ind":8,"ty":4,"nm":"Mano atras/Embarazadas contornos","parent":9,"sr":1,"ks":{"o":{"a":0,"k":100,"ix":11},"r":{"a":1,"k":[{"i":{"x":[0.495],"y":[1]},"o":{"x":[0.433],"y":[0]},"n":["0p495_1_0p433_0"],"t":0,"s":[0],"e":[10]},{"i":{"x":[0.495],"y":[1]},"o":{"x":[0.486],"y":[0]},"n":["0p495_1_0p486_0"],"t":60,"s":[10],"e":[10]},{"i":{"x":[0.548],"y":[1]},"o":{"x":[0.486],"y":[0]},"n":["0p548_1_0p486_0"],"t":72,"s":[10],"e":[0]},{"t":120}],"ix":10},"p":{"a":0,"k":[386.364,551.818,0],"ix":2},"a":{"a":0,"k":[386.364,551.818,0],"ix":1},"s":{"a":0,"k":[100,100,100],"ix":6}},"ao":0,"shapes":[{"ty":"gr","it":[{"ind":0,"ty":"sh","ix":1,"ks":{"a":0,"k":{"i":[[-5.864,13.754],[0,0],[7.75,-2.625],[0,4.75],[-7.25,0],[0,0]],"o":[[-2.364,26.004],[0,0],[-4.125,1.375],[0,-4.75],[7.25,0],[0,0]],"v":[[26.182,-25.127],[9.595,8.909],[0.318,23.752],[-26.182,14.002],[-4.932,-11.748],[12.318,-3.998]],"c":true},"ix":2},"nm":"Trazado 1","mn":"ADBE Vector Shape - Group","hd":false},{"ty":"fl","c":{"a":0,"k":[0.984000052658,0.732999973671,0.564999988032,1],"ix":4},"o":{"a":0,"k":100,"ix":5},"r":1,"nm":"Relleno 1","mn":"ADBE Vector Graphic - Fill","hd":false},{"ty":"tr","p":{"a":0,"k":[360.984,574.248],"ix":2},"a":{"a":0,"k":[0,0],"ix":1},"s":{"a":0,"k":[100,100],"ix":3},"r":{"a":0,"k":0,"ix":6},"o":{"a":0,"k":100,"ix":7},"sk":{"a":0,"k":0,"ix":4},"sa":{"a":0,"k":0,"ix":5},"nm":"Transformar"}],"nm":"Grupo 1","np":2,"cix":2,"ix":1,"mn":"ADBE Vector Group","hd":false}],"ip":0,"op":120,"st":0,"bm":0},{"ddd":0,"ind":9,"ty":4,"nm":"Cuerpo/Embarazadas contornos","parent":1,"sr":1,"ks":{"o":{"a":0,"k":100,"ix":11},"r":{"a":0,"k":0,"ix":10},"p":{"a":0,"k":[28,64.727,0],"ix":2},"a":{"a":0,"k":[280,472.727,0],"ix":1},"s":{"a":0,"k":[100,100,100],"ix":6}},"ao":0,"shapes":[{"ty":"gr","it":[{"ind":0,"ty":"sh","ix":1,"ks":{"a":0,"k":{"i":[[0,0],[0,0],[-6.738,0],[0,0],[-0.492,-10.415],[0,0]],"o":[[0,0],[4.5,-13.349],[0,0],[7.928,0],[0,0],[0,0]],"v":[[-24.5,16.072],[2.745,-63.151],[18.776,-82.321],[18.88,-82.321],[33.169,-64.607],[37.126,29.468]],"c":true},"ix":2},"nm":"Trazado 1","mn":"ADBE Vector Shape - Group","hd":false},{"ind":1,"ty":"sh","ix":2,"ks":{"a":0,"k":{"i":[[-5.42,-13.721],[-14.103,0],[-0.939,0.238],[-1.053,23.854],[0.006,0.125],[0,0.005],[0.002,0.02],[0,0],[9.465,0],[0,0],[4.976,-14.757],[0,0],[0.007,-0.029]],"o":[[3.558,9.007],[1.651,0],[2.922,-0.745],[0.558,-12.671],[0,-0.006],[0,-0.022],[0,0],[-0.562,-11.917],[0,0],[-8.235,0],[0,0],[-0.009,0.028],[-0.773,2.136]],"v":[[-35.36,66.563],[28.389,85.321],[32.239,84.967],[40.222,56.62],[40.2,31.275],[40.197,31.26],[40.2,31.199],[36.165,-64.782],[18.876,-85.321],[18.753,-85.321],[-0.095,-64.116],[-27.884,16.663],[-27.903,16.747]],"c":true},"ix":2},"nm":"Trazado 2","mn":"ADBE Vector Shape - Group","hd":false},{"ty":"mm","mm":1,"nm":"Combinar trazados 1","mn":"ADBE Vector Filter - Merge","hd":false},{"ty":"fl","c":{"a":0,"k":[0.113999998803,0.113999998803,0.105999995213,1],"ix":4},"o":{"a":0,"k":100,"ix":5},"r":1,"nm":"Relleno 1","mn":"ADBE Vector Graphic - Fill","hd":false},{"ty":"tr","p":{"a":0,"k":[240.1,467.321],"ix":2},"a":{"a":0,"k":[0,0],"ix":1},"s":{"a":0,"k":[100,100],"ix":3},"r":{"a":0,"k":0,"ix":6},"o":{"a":0,"k":100,"ix":7},"sk":{"a":0,"k":0,"ix":4},"sa":{"a":0,"k":0,"ix":5},"nm":"Transformar"}],"nm":"Grupo 1","np":4,"cix":2,"ix":1,"mn":"ADBE Vector Group","hd":false},{"ty":"gr","it":[{"ind":0,"ty":"sh","ix":1,"ks":{"a":0,"k":{"i":[[0,0],[-24.68,0],[0,0],[-6.192,0],[26.088,10]],"o":[[-10.75,0],[17.863,0],[0,0],[13.473,0],[0,0]],"v":[[-25.082,-25.805],[-12.752,25.805],[10.259,4.786],[23.959,16.268],[0.58,-25.805]],"c":true},"ix":2},"nm":"Trazado 1","mn":"ADBE Vector Shape - Group","hd":false},{"ty":"fl","c":{"a":0,"k":[0.490000017952,0.801000019148,0.780999995213,1],"ix":4},"o":{"a":0,"k":100,"ix":5},"r":1,"nm":"Relleno 1","mn":"ADBE Vector Graphic - Fill","hd":false},{"ty":"tr","p":{"a":0,"k":[315.384,393.805],"ix":2},"a":{"a":0,"k":[0,0],"ix":1},"s":{"a":0,"k":[100,100],"ix":3},"r":{"a":0,"k":0,"ix":6},"o":{"a":0,"k":100,"ix":7},"sk":{"a":0,"k":0,"ix":4},"sa":{"a":0,"k":0,"ix":5},"nm":"Transformar"}],"nm":"Grupo 2","np":2,"cix":2,"ix":2,"mn":"ADBE Vector Group","hd":false},{"ty":"gr","it":[{"ind":0,"ty":"sh","ix":1,"ks":{"a":0,"k":{"i":[[0,0],[0,0],[0,0],[30.25,-22.5],[0,0],[0,0],[67.091,40.5],[22.504,60.182],[-13.73,7.795]],"o":[[0,0],[31.863,9],[0,0],[65.999,63.75],[0,0],[0,0],[-23.5,-96.75],[-15.619,-41.768],[14.342,-8.143]],"v":[[-31.687,-135.469],[-6.025,-135.75],[26.34,-97.645],[36.501,-44.25],[51.688,67],[51.688,95.25],[-79,95.25],[-57.847,-46.432],[-64.473,-119.637]],"c":true},"ix":2},"nm":"Trazado 1","mn":"ADBE Vector Shape - Group","hd":false},{"ty":"fl","c":{"a":0,"k":[0.319999994016,0.735000011968,0.708000033509,1],"ix":4},"o":{"a":0,"k":100,"ix":5},"r":1,"nm":"Relleno 1","mn":"ADBE Vector Graphic - Fill","hd":false},{"ty":"tr","p":{"a":0,"k":[321.989,503.25],"ix":2},"a":{"a":0,"k":[0,0],"ix":1},"s":{"a":0,"k":[100,100],"ix":3},"r":{"a":0,"k":0,"ix":6},"o":{"a":0,"k":100,"ix":7},"sk":{"a":0,"k":0,"ix":4},"sa":{"a":0,"k":0,"ix":5},"nm":"Transformar"}],"nm":"Grupo 3","np":2,"cix":2,"ix":3,"mn":"ADBE Vector Group","hd":false}],"ip":0,"op":120,"st":0,"bm":0},{"ddd":0,"ind":10,"ty":4,"nm":"Brazo atras/Embarazadas contornos","parent":9,"sr":1,"ks":{"o":{"a":0,"k":100,"ix":11},"r":{"a":1,"k":[{"i":{"x":[0.537],"y":[1]},"o":{"x":[0.433],"y":[0]},"n":["0p537_1_0p433_0"],"t":0,"s":[0],"e":[2]},{"i":{"x":[0.537],"y":[1]},"o":{"x":[0.514],"y":[0]},"n":["0p537_1_0p514_0"],"t":60,"s":[2],"e":[2]},{"i":{"x":[0.576],"y":[1]},"o":{"x":[0.514],"y":[0]},"n":["0p576_1_0p514_0"],"t":72,"s":[2],"e":[0]},{"t":120}],"ix":10},"p":{"a":0,"k":[345.455,421.818,0],"ix":2},"a":{"a":0,"k":[345.455,421.818,0],"ix":1},"s":{"a":0,"k":[100,100,100],"ix":6}},"ao":0,"shapes":[{"ty":"gr","it":[{"ind":0,"ty":"sh","ix":1,"ks":{"a":0,"k":{"i":[[-13,0],[0,0],[0,0],[30.5,6.75],[6.784,12.31]],"o":[[17.57,0],[6.914,6.664],[0,0],[0,0],[-7.427,-13.475]],"v":[[-16.542,-33.543],[12.448,-4.038],[29.542,4.043],[-3.458,26.793],[-17.875,-0.043]],"c":true},"ix":2},"nm":"Trazado 1","mn":"ADBE Vector Shape - Group","hd":false},{"ty":"fl","c":{"a":0,"k":[0.490000017952,0.801000019148,0.780999995213,1],"ix":4},"o":{"a":0,"k":100,"ix":5},"r":1,"nm":"Relleno 1","mn":"ADBE Vector Graphic - Fill","hd":false},{"ty":"tr","p":{"a":0,"k":[345.51,411.708],"ix":2},"a":{"a":0,"k":[0,0],"ix":1},"s":{"a":0,"k":[100,100],"ix":3},"r":{"a":0,"k":0,"ix":6},"o":{"a":0,"k":100,"ix":7},"sk":{"a":0,"k":0,"ix":4},"sa":{"a":0,"k":0,"ix":5},"nm":"Transformar"}],"nm":"Grupo 1","np":2,"cix":2,"ix":1,"mn":"ADBE Vector Group","hd":false},{"ty":"gr","it":[{"ind":0,"ty":"sh","ix":1,"ks":{"a":0,"k":{"i":[[-10.729,-19.372],[0,0],[0,0],[26,42.75]],"o":[[27.875,50.334],[0,0],[0,0],[-11.229,-18.463]],"v":[[4.74,-40.939],[26.365,60.311],[4.865,60.311],[-21.385,-28.814]],"c":true},"ix":2},"nm":"Trazado 1","mn":"ADBE Vector Shape - Group","hd":false},{"ty":"fl","c":{"a":0,"k":[0.984000052658,0.732999973671,0.564999988032,1],"ix":4},"o":{"a":0,"k":100,"ix":5},"r":1,"nm":"Relleno 1","mn":"ADBE Vector Graphic - Fill","hd":false},{"ty":"tr","p":{"a":0,"k":[363.437,467.689],"ix":2},"a":{"a":0,"k":[0,0],"ix":1},"s":{"a":0,"k":[100,100],"ix":3},"r":{"a":0,"k":0,"ix":6},"o":{"a":0,"k":100,"ix":7},"sk":{"a":0,"k":0,"ix":4},"sa":{"a":0,"k":0,"ix":5},"nm":"Transformar"}],"nm":"Grupo 2","np":2,"cix":2,"ix":2,"mn":"ADBE Vector Group","hd":false}],"ip":0,"op":120,"st":0,"bm":0},{"ddd":0,"ind":11,"ty":4,"nm":"Pelo/Embarazadas contornos","parent":5,"sr":1,"ks":{"o":{"a":0,"k":100,"ix":11},"r":{"a":1,"k":[{"i":{"x":[0.565],"y":[1]},"o":{"x":[0.447],"y":[0]},"n":["0p565_1_0p447_0"],"t":0,"s":[0],"e":[-4]},{"i":{"x":[0.565],"y":[1]},"o":{"x":[0.417],"y":[0]},"n":["0p565_1_0p417_0"],"t":60,"s":[-4],"e":[-4]},{"i":{"x":[0.506],"y":[1]},"o":{"x":[0.417],"y":[0]},"n":["0p506_1_0p417_0"],"t":72,"s":[-4],"e":[0]},{"t":120}],"ix":10},"p":{"a":1,"k":[{"i":{"x":0.439,"y":1},"o":{"x":0.461,"y":0},"n":"0p439_1_0p461_0","t":0,"s":[298.182,327.273,0],"e":[299.499,324.271,0],"to":[0.21949560940266,-0.50026053190231,0],"ti":[-0.21949560940266,0.50026053190231,0]},{"i":{"x":0.439,"y":0.439},"o":{"x":0.486,"y":0.486},"n":"0p439_0p439_0p486_0p486","t":60,"s":[299.499,324.271,0],"e":[299.499,324.271,0],"to":[0,0,0],"ti":[0,0,0]},{"i":{"x":0.548,"y":1},"o":{"x":0.486,"y":0},"n":"0p548_1_0p486_0","t":72,"s":[299.499,324.271,0],"e":[298.182,327.273,0],"to":[-0.21949560940266,0.50026053190231,0],"ti":[0.21949560940266,-0.50026053190231,0]},{"t":120}],"ix":2},"a":{"a":0,"k":[298.182,327.273,0],"ix":1},"s":{"a":0,"k":[100,100,100],"ix":6}},"ao":0,"shapes":[{"ty":"gr","it":[{"ind":0,"ty":"sh","ix":1,"ks":{"a":0,"k":{"i":[[56.25,32],[41.625,-25.344],[-2.334,-10.822],[19,-13.75],[-20,-22],[-13.028,31.75],[0,0]],"o":[[0,0],[-29.152,17.75],[5.5,25.5],[-19,13.75],[20,22],[13.027,-31.75],[58.5,0]],"v":[[31.625,-77.203],[-29.723,-80.703],[-51.125,-17.828],[-67.875,25.297],[-67.875,81.797],[45.348,74.297],[29.125,8.297]],"c":true},"ix":2},"nm":"Trazado 1","mn":"ADBE Vector Shape - Group","hd":false},{"ty":"fl","c":{"a":0,"k":[0.404000016755,0.180000005984,0,1],"ix":4},"o":{"a":0,"k":100,"ix":5},"r":1,"nm":"Relleno 1","mn":"ADBE Vector Graphic - Fill","hd":false},{"ty":"tr","p":{"a":0,"k":[307.177,325.953],"ix":2},"a":{"a":0,"k":[0,0],"ix":1},"s":{"a":0,"k":[100,100],"ix":3},"r":{"a":0,"k":0,"ix":6},"o":{"a":0,"k":100,"ix":7},"sk":{"a":0,"k":0,"ix":4},"sa":{"a":0,"k":0,"ix":5},"nm":"Transformar"}],"nm":"Grupo 1","np":2,"cix":2,"ix":1,"mn":"ADBE Vector Group","hd":false}],"ip":0,"op":120,"st":0,"bm":0}],"markers":[]}